FOIR,Status,Request Date,CSC FOIs on this LA,Authority Name,Request Title,LAs with same Request,Request URL,Source,Search Term,SSD-FOIR
,Successful,2024-12-24,1.0,Avon Fire and Rescue,Casualty Care / First Aid kits – tamper seals,1.0,https://www.whatdotheyknow.com/request_event/17908429,WhatDoTheyKnow,child protection,"<a href=""https://github.com/data-to-insight/ssd-data-model/tree/main/tools-ssd_foi_requests"" target=""_blank"">SSD-Response</a>"
,Partially successful,2023-11-24,1.0,Avon Fire and Rescue Authority,Statistics on fires caused by lithium-ion batteries,1.0,https://www.whatdotheyknow.com/request_event/16416596,WhatDoTheyKnow,child protection,"<a href=""https://github.com/data-to-insight/ssd-data-model/tree/main/tools-ssd_foi_requests"" target=""_blank"">SSD-Response</a>"
,Successful,2022-07-25,1.0,Barnsley Metropolitan Borough Council,Carers Support Service - Current Service Information,1.0,https://www.whatdotheyknow.com/request_event/12504189,WhatDoTheyKnow,foster carer,"<a href=""https://github.com/data-to-insight/ssd-data-model/tree/main/tools-ssd_foi_requests"" target=""_blank"">SSD-Response</a>"
,Partially successful,2013-03-01,1.0,Bedford Borough Council,Commissioning for Adults and Children's service,1.0,https://www.whatdotheyknow.com/request_event/703303,WhatDoTheyKnow,childrens services,"<a href=""https://github.com/data-to-insight/ssd-data-model/tree/main/tools-ssd_foi_requests"" target=""_blank"">SSD-Response</a>"
1128746,Partially successful,2024-05-15,1.0,Birmingham City Council,Correspondence with the DLUHC on the capitalisation direction,1.0,https://www.whatdotheyknow.com/request_event/17081470,WhatDoTheyKnow,family support,"<a href=""https://github.com/data-to-insight/ssd-data-model/tree/main/tools-ssd_foi_requests"" target=""_blank"">SSD-Response</a>"
,Successful,2023-07-03,1.0,"Bournemouth, Christchurch and Poole Council",Fostering Allowances 2023/24,2.0,https://www.whatdotheyknow.com/request_event/15487282,WhatDoTheyKnow,childrens social care,"<a href=""https://github.com/data-to-insight/ssd-data-model/tree/main/tools-ssd_foi_requests"" target=""_blank"">SSD-Response</a>"
,Awaiting classification,2024-12-03,3.0,Brent Borough Council,Children in Care Statistics,1.0,https://www.whatdotheyknow.com/request_event/17825431,WhatDoTheyKnow,childrens social care,"<a href=""https://github.com/data-to-insight/ssd-data-model/tree/main/tools-ssd_foi_requests"" target=""_blank"">SSD-Response</a>"
,Awaiting classification,2023-07-13,3.0,Brent Borough Council,Data Protection Compliance,1.0,https://www.whatdotheyknow.com/request_event/15600868,WhatDoTheyKnow,care order,"<a href=""https://github.com/data-to-insight/ssd-data-model/tree/main/tools-ssd_foi_requests"" target=""_blank"">SSD-Response</a>"
,Successful,2023-05-17,3.0,Brent Borough Council,Fostering Allowances 2023/24,2.0,https://www.whatdotheyknow.com/request_event/15020416,WhatDoTheyKnow,childrens social care,"<a href=""https://github.com/data-to-insight/ssd-data-model/tree/main/tools-ssd_foi_requests"" target=""_blank"">SSD-Response</a>"
,Successful,2025-02-18,2.0,Camden Borough Council,Recruiting for cyber security roles,1.0,https://www.whatdotheyknow.com/request_event/18134259,WhatDoTheyKnow,family support,"<a href=""https://github.com/data-to-insight/ssd-data-model/tree/main/tools-ssd_foi_requests"" target=""_blank"">SSD-Response</a>"
,Successful,2025-02-07,2.0,Camden Borough Council,Care leavers,2.0,https://www.whatdotheyknow.com/request_event/18076047,WhatDoTheyKnow,family support,"<a href=""https://github.com/data-to-insight/ssd-data-model/tree/main/tools-ssd_foi_requests"" target=""_blank"">SSD-Response</a>"
,Awaiting classification,2025-04-17,1.0,Care Quality Commission,Request for info on Microsoft Cloud Service processing and support countries,1.0,https://www.whatdotheyknow.com/request_event/18407041,WhatDoTheyKnow,family support,"<a href=""https://github.com/data-to-insight/ssd-data-model/tree/main/tools-ssd_foi_requests"" target=""_blank"">SSD-Response</a>"
,Awaiting classification,2024-06-13,2.0,City of Edinburgh Council,Facilities Management Services,1.0,https://www.whatdotheyknow.com/request_event/17182339,WhatDoTheyKnow,care order,"<a href=""https://github.com/data-to-insight/ssd-data-model/tree/main/tools-ssd_foi_requests"" target=""_blank"">SSD-Response</a>"
,Successful,2013-05-20,2.0,City of Edinburgh Council,Locum Agency Spend,1.0,https://www.whatdotheyknow.com/request_event/751065,WhatDoTheyKnow,social workers,"<a href=""https://github.com/data-to-insight/ssd-data-model/tree/main/tools-ssd_foi_requests"" target=""_blank"">SSD-Response</a>"
,Awaiting classification,2023-01-09,1.0,City of York Council,Wigginton Road - Felling of multiple (TPO) trees at Cocoa Works Development,1.0,https://www.whatdotheyknow.com/request_event/13817800,WhatDoTheyKnow,care order,"<a href=""https://github.com/data-to-insight/ssd-data-model/tree/main/tools-ssd_foi_requests"" target=""_blank"">SSD-Response</a>"
,Awaiting classification,2025-12-09,1.0,Council of the Isles of Scilly,Safeguarding Children,1.0,https://www.whatdotheyknow.com/request_event/19406681,WhatDoTheyKnow,foster carer,"<a href=""https://github.com/data-to-insight/ssd-data-model/tree/main/tools-ssd_foi_requests"" target=""_blank"">SSD-Response</a>"
,Reported for administrator attention,2023-07-14,1.0,Croydon Borough Council,Housing Allocation Policy,1.0,https://www.whatdotheyknow.com/request_event/15610173,WhatDoTheyKnow,special educational needs,"<a href=""https://github.com/data-to-insight/ssd-data-model/tree/main/tools-ssd_foi_requests"" target=""_blank"">SSD-Response</a>"
,Successful,2022-06-20,1.0,Derby City Council,Information on Facilities Management Contracts and/or Frameworks,1.0,https://www.whatdotheyknow.com/request_event/12201995,WhatDoTheyKnow,care order,"<a href=""https://github.com/data-to-insight/ssd-data-model/tree/main/tools-ssd_foi_requests"" target=""_blank"">SSD-Response</a>"
,Successful,2019-11-28,2.0,Devon County Council,Road Closures Special Events Gt Torrington,1.0,https://www.whatdotheyknow.com/request_event/5776013,WhatDoTheyKnow,care order,"<a href=""https://github.com/data-to-insight/ssd-data-model/tree/main/tools-ssd_foi_requests"" target=""_blank"">SSD-Response</a>"
,Successful,2016-07-04,2.0,Devon County Council,Agency Staff Agreement,1.0,https://www.whatdotheyknow.com/request_event/1841434,WhatDoTheyKnow,social workers,"<a href=""https://github.com/data-to-insight/ssd-data-model/tree/main/tools-ssd_foi_requests"" target=""_blank"">SSD-Response</a>"
,Successful,2025-09-10,1.0,Ealing Borough Council,Team Sizes FOI and SARs (Children's Services),2.0,https://www.whatdotheyknow.com/request_event/19016390,WhatDoTheyKnow,childrens services,"<a href=""https://github.com/data-to-insight/ssd-data-model/tree/main/tools-ssd_foi_requests"" target=""_blank"">SSD-Response</a>"
,Successful,2025-06-02,1.0,East Ayrshire Council,"ICT Spend, Strategy and Procurement Information",1.0,https://www.whatdotheyknow.com/request_event/18600110,WhatDoTheyKnow,family support,"<a href=""https://github.com/data-to-insight/ssd-data-model/tree/main/tools-ssd_foi_requests"" target=""_blank"">SSD-Response</a>"
,Successful,2025-12-04,1.0,Essex County Council,Freedom of Information Request – Local Highway Maintenance Transparency (Annex B Submission),1.0,https://www.whatdotheyknow.com/request_event/19390082,WhatDoTheyKnow,family support,"<a href=""https://github.com/data-to-insight/ssd-data-model/tree/main/tools-ssd_foi_requests"" target=""_blank"">SSD-Response</a>"
,Partially successful,2018-06-04,1.0,Fife Council,Flexischooling Policy,1.0,https://www.whatdotheyknow.com/request_event/3133835,WhatDoTheyKnow,special educational needs,"<a href=""https://github.com/data-to-insight/ssd-data-model/tree/main/tools-ssd_foi_requests"" target=""_blank"">SSD-Response</a>"
,Successful,2024-02-05,1.0,Guildford Borough Council,Guidance to New Councillors,3.0,https://www.whatdotheyknow.com/request_event/16667065,WhatDoTheyKnow,child protection,"<a href=""https://github.com/data-to-insight/ssd-data-model/tree/main/tools-ssd_foi_requests"" target=""_blank"">SSD-Response</a>"
,Long overdue,2025-07-25,1.0,Hammersmith and Fulham Borough Council,"EHCP Commissioned Services, SLAs, and Policies on Completion in Parental Absence",1.0,https://www.whatdotheyknow.com/request_event/18821877,WhatDoTheyKnow,family support,"<a href=""https://github.com/data-to-insight/ssd-data-model/tree/main/tools-ssd_foi_requests"" target=""_blank"">SSD-Response</a>"
,Awaiting classification,2014-07-18,2.0,Haringey Borough Council,Emergency protection of children,1.0,https://www.whatdotheyknow.com/request_event/1108693,WhatDoTheyKnow,looked after children,"<a href=""https://github.com/data-to-insight/ssd-data-model/tree/main/tools-ssd_foi_requests"" target=""_blank"">SSD-Response</a>"
,Partially successful,2010-04-23,2.0,Haringey Borough Council,Use of Agency Social Work Professionals,1.0,https://www.whatdotheyknow.com/request_event/165317,WhatDoTheyKnow,social workers,"<a href=""https://github.com/data-to-insight/ssd-data-model/tree/main/tools-ssd_foi_requests"" target=""_blank"">SSD-Response</a>"
754814243,Information not held,2025-10-06,57.0,Hastings Borough Council,Use of Genealogy Services for Next of Kin Tracing,1.0,https://www.hastings.gov.uk/my-council/freedom-of-information/date/?id=FOIR-754814243,Hastings Council,CIN,"<a href=""https://github.com/data-to-insight/ssd-data-model/tree/main/tools-ssd_foi_requests"" target=""_blank"">SSD-Response</a>"
733478553,Information not held,2025-07-23,57.0,Hastings Borough Council,Prosecutions of parents for school non-attendance of children with special educational needs (SEN),1.0,https://www.hastings.gov.uk/my-council/freedom-of-information/date/?id=FOIR-733478553,Hastings Council,special educational needs,"<a href=""https://github.com/data-to-insight/ssd-data-model/tree/main/tools-ssd_foi_requests"" target=""_blank"">SSD-Response</a>"
732957793,Information not held,2025-07-21,57.0,Hastings Borough Council,Special Educational Needs (SEN) and Alternative Provision (AP),1.0,https://www.hastings.gov.uk/my-council/freedom-of-information/date/?id=FOIR-732957793,Hastings Council,special educational needs,"<a href=""https://github.com/data-to-insight/ssd-data-model/tree/main/tools-ssd_foi_requests"" target=""_blank"">SSD-Response</a>"
729500970,Information not held,2025-07-08,57.0,Hastings Borough Council,Looked after children,1.0,https://www.hastings.gov.uk/my-council/freedom-of-information/date/?id=FOIR-729500970,Hastings Council,looked after children,"<a href=""https://github.com/data-to-insight/ssd-data-model/tree/main/tools-ssd_foi_requests"" target=""_blank"">SSD-Response</a>"
715699485,Successful,2025-05-19,57.0,Hastings Borough Council,Looked After Children Placements,1.0,https://www.hastings.gov.uk/my-council/freedom-of-information/date/?id=FOIR-715699485,Hastings Council,looked after children,"<a href=""https://github.com/data-to-insight/ssd-data-model/tree/main/tools-ssd_foi_requests"" target=""_blank"">SSD-Response</a>"
700154300,Information not held,2025-03-27,57.0,Hastings Borough Council,Funding for special educational needs,1.0,https://www.hastings.gov.uk/my-council/freedom-of-information/date/?id=FOIR-700154300,Hastings Council,special educational needs,"<a href=""https://github.com/data-to-insight/ssd-data-model/tree/main/tools-ssd_foi_requests"" target=""_blank"">SSD-Response</a>"
637354217,Information not held,2024-08-09,57.0,Hastings Borough Council,Special Educational Needs and Disabilities Transport,1.0,https://www.hastings.gov.uk/my-council/freedom-of-information/date/?id=FOIR-637354217,Hastings Council,special educational needs,"<a href=""https://github.com/data-to-insight/ssd-data-model/tree/main/tools-ssd_foi_requests"" target=""_blank"">SSD-Response</a>"
633035438,Information not held,2024-07-23,57.0,Hastings Borough Council,Trading standards pricing inspections,1.0,https://www.hastings.gov.uk/my-council/freedom-of-information/date/?id=FOIR-633035438,Hastings Council,CIN,"<a href=""https://github.com/data-to-insight/ssd-data-model/tree/main/tools-ssd_foi_requests"" target=""_blank"">SSD-Response</a>"
606989510,Successful,2024-04-18,57.0,Hastings Borough Council,Tax increment financing (business rates & planning),1.0,https://www.hastings.gov.uk/my-council/freedom-of-information/date/?id=FOIR-606989510,Hastings Council,CIN,"<a href=""https://github.com/data-to-insight/ssd-data-model/tree/main/tools-ssd_foi_requests"" target=""_blank"">SSD-Response</a>"
602131304,Information not held,2024-04-03,57.0,Hastings Borough Council,Traffic-reducing scheme,1.0,https://www.hastings.gov.uk/my-council/freedom-of-information/date/?id=FOIR-602131304,Hastings Council,CIN,"<a href=""https://github.com/data-to-insight/ssd-data-model/tree/main/tools-ssd_foi_requests"" target=""_blank"">SSD-Response</a>"
590461809,Successful,2024-02-27,57.0,Hastings Borough Council,Servicing debt,1.0,https://www.hastings.gov.uk/my-council/freedom-of-information/date/?id=FOIR-590461809,Hastings Council,CIN,"<a href=""https://github.com/data-to-insight/ssd-data-model/tree/main/tools-ssd_foi_requests"" target=""_blank"">SSD-Response</a>"
546805704,Successful,2023-09-13,57.0,Hastings Borough Council,Council Tax Exemption Policy for Care Leavers,1.0,https://www.hastings.gov.uk/my-council/freedom-of-information/date/?id=FOIR-546805704,Hastings Council,care leavers,"<a href=""https://github.com/data-to-insight/ssd-data-model/tree/main/tools-ssd_foi_requests"" target=""_blank"">SSD-Response</a>"
537394606,Successful,2023-08-07,57.0,Hastings Borough Council,Virtual fencing - Hastings Country Park,1.0,https://www.hastings.gov.uk/my-council/freedom-of-information/date/?id=FOIR-537394606,Hastings Council,CIN,"<a href=""https://github.com/data-to-insight/ssd-data-model/tree/main/tools-ssd_foi_requests"" target=""_blank"">SSD-Response</a>"
534512143,Information not held,2023-07-26,57.0,Hastings Borough Council,Special Educational Needs Schools,1.0,https://www.hastings.gov.uk/my-council/freedom-of-information/date/?id=FOIR-534512143,Hastings Council,special educational needs,"<a href=""https://github.com/data-to-insight/ssd-data-model/tree/main/tools-ssd_foi_requests"" target=""_blank"">SSD-Response</a>"
513824354,Successful,2023-05-08,57.0,Hastings Borough Council,Electric vehicle cost and sourcing,1.0,https://www.hastings.gov.uk/my-council/freedom-of-information/date/?id=FOIR-513824354,Hastings Council,CIN,"<a href=""https://github.com/data-to-insight/ssd-data-model/tree/main/tools-ssd_foi_requests"" target=""_blank"">SSD-Response</a>"
498945174,Information not held,2023-03-20,57.0,Hastings Borough Council,Child Sexual Exploitation and Children in Need Assessments,1.0,https://www.hastings.gov.uk/my-council/freedom-of-information/date/?id=FOIR-498945174,Hastings Council,children in need,"<a href=""https://github.com/data-to-insight/ssd-data-model/tree/main/tools-ssd_foi_requests"" target=""_blank"">SSD-Response</a>"
445962012,Successful,2022-08-22,57.0,Hastings Borough Council,Revenues/Benefits Workflow System and Caseload,1.0,https://www.hastings.gov.uk/my-council/freedom-of-information/date/?id=FOIR-445962012,Hastings Council,caseload,"<a href=""https://github.com/data-to-insight/ssd-data-model/tree/main/tools-ssd_foi_requests"" target=""_blank"">SSD-Response</a>"
406701067,Information not held,2022-03-09,57.0,Hastings Borough Council,Child Adoption Figures,1.0,https://www.hastings.gov.uk/my-council/freedom-of-information/date/?id=FOIR-406701067,Hastings Council,adoption,"<a href=""https://github.com/data-to-insight/ssd-data-model/tree/main/tools-ssd_foi_requests"" target=""_blank"">SSD-Response</a>"
400988788,Information not held,2022-02-14,57.0,Hastings Borough Council,Children's social workers,1.0,https://www.hastings.gov.uk/my-council/freedom-of-information/date/?id=FOIR-400988788,Hastings Council,social workers,"<a href=""https://github.com/data-to-insight/ssd-data-model/tree/main/tools-ssd_foi_requests"" target=""_blank"">SSD-Response</a>"
398256235,Information not held,2022-02-03,57.0,Hastings Borough Council,Agency Spend for Social Workers and Allied Health Professionals,1.0,https://www.hastings.gov.uk/my-council/freedom-of-information/date/?id=FOIR-398256235,Hastings Council,social workers,"<a href=""https://github.com/data-to-insight/ssd-data-model/tree/main/tools-ssd_foi_requests"" target=""_blank"">SSD-Response</a>"
375029083,Information not held,2021-11-01,57.0,Hastings Borough Council,Agency social workers,1.0,https://www.hastings.gov.uk/my-council/freedom-of-information/date/?id=FOIR-375029083,Hastings Council,social workers,"<a href=""https://github.com/data-to-insight/ssd-data-model/tree/main/tools-ssd_foi_requests"" target=""_blank"">SSD-Response</a>"
353477124,Information not held,2021-08-02,57.0,Hastings Borough Council,Looked after Children (LAC),1.0,https://www.hastings.gov.uk/my-council/freedom-of-information/date/?id=FOIR-353477124,Hastings Council,looked after children,"<a href=""https://github.com/data-to-insight/ssd-data-model/tree/main/tools-ssd_foi_requests"" target=""_blank"">SSD-Response</a>"
348556243,Successful,2021-07-12,57.0,Hastings Borough Council,COVID-19 Vaccinations for Homeless,1.0,https://www.hastings.gov.uk/my-council/freedom-of-information/date/?id=FOIR-348556243,Hastings Council,CIN,"<a href=""https://github.com/data-to-insight/ssd-data-model/tree/main/tools-ssd_foi_requests"" target=""_blank"">SSD-Response</a>"
332067813,Information not held,2021-05-05,57.0,Hastings Borough Council,Social Workers Training,1.0,https://www.hastings.gov.uk/my-council/freedom-of-information/date/?id=FOIR-332067813,Hastings Council,social workers,"<a href=""https://github.com/data-to-insight/ssd-data-model/tree/main/tools-ssd_foi_requests"" target=""_blank"">SSD-Response</a>"
330156431,Information not held,2021-04-28,57.0,Hastings Borough Council,Special Educational Needs,1.0,https://www.hastings.gov.uk/my-council/freedom-of-information/date/?id=FOIR-330156431,Hastings Council,special educational needs,"<a href=""https://github.com/data-to-insight/ssd-data-model/tree/main/tools-ssd_foi_requests"" target=""_blank"">SSD-Response</a>"
327950595,Information not held,2021-04-21,57.0,Hastings Borough Council,Adoption Rates,1.0,https://www.hastings.gov.uk/my-council/freedom-of-information/date/?id=FOIR-327950595,Hastings Council,adoption,"<a href=""https://github.com/data-to-insight/ssd-data-model/tree/main/tools-ssd_foi_requests"" target=""_blank"">SSD-Response</a>"
311972558,Information not held,2021-03-01,57.0,Hastings Borough Council,Care leavers,1.0,https://www.hastings.gov.uk/my-council/freedom-of-information/date/?id=FOIR-311972558,Hastings Council,care leavers,"<a href=""https://github.com/data-to-insight/ssd-data-model/tree/main/tools-ssd_foi_requests"" target=""_blank"">SSD-Response</a>"
278372575,Successful,2020-11-30,57.0,Hastings Borough Council,Video-conferencing apps,1.0,https://www.hastings.gov.uk/my-council/freedom-of-information/date/?id=FOIR-278372575,Hastings Council,CIN,"<a href=""https://github.com/data-to-insight/ssd-data-model/tree/main/tools-ssd_foi_requests"" target=""_blank"">SSD-Response</a>"
267738137,Successful,2020-11-02,57.0,Hastings Borough Council,Skin piercing,1.0,https://www.hastings.gov.uk/my-council/freedom-of-information/date/?id=FOIR-267738137,Hastings Council,CIN,"<a href=""https://github.com/data-to-insight/ssd-data-model/tree/main/tools-ssd_foi_requests"" target=""_blank"">SSD-Response</a>"
260889736,Information not held,2020-10-14,57.0,Hastings Borough Council,Child Adoption Application Rejections,1.0,https://www.hastings.gov.uk/my-council/freedom-of-information/date/?id=FOIR-260889736,Hastings Council,adoption,"<a href=""https://github.com/data-to-insight/ssd-data-model/tree/main/tools-ssd_foi_requests"" target=""_blank"">SSD-Response</a>"
243153691,Successful,2020-08-28,57.0,Hastings Borough Council,Complementary and Alternative medicines,1.0,https://www.hastings.gov.uk/my-council/freedom-of-information/date/?id=FOIR-243153691,Hastings Council,CIN,"<a href=""https://github.com/data-to-insight/ssd-data-model/tree/main/tools-ssd_foi_requests"" target=""_blank"">SSD-Response</a>"
223996220,Information not held,2020-07-03,57.0,Hastings Borough Council,Adoption of children,1.0,https://www.hastings.gov.uk/my-council/freedom-of-information/date/?id=FOIR-223996220,Hastings Council,adoption,"<a href=""https://github.com/data-to-insight/ssd-data-model/tree/main/tools-ssd_foi_requests"" target=""_blank"">SSD-Response</a>"
219813668,Information not held,2020-06-22,57.0,Hastings Borough Council,Council funding for social workers and care homes for children in care,1.0,https://www.hastings.gov.uk/my-council/freedom-of-information/date/?id=FOIR-219813668,Hastings Council,social workers,"<a href=""https://github.com/data-to-insight/ssd-data-model/tree/main/tools-ssd_foi_requests"" target=""_blank"">SSD-Response</a>"
196692643,Successful,2020-04-16,57.0,Hastings Borough Council,Video conferencing software:,1.0,https://www.hastings.gov.uk/my-council/freedom-of-information/date/?id=FOIR-196692643,Hastings Council,CIN,"<a href=""https://github.com/data-to-insight/ssd-data-model/tree/main/tools-ssd_foi_requests"" target=""_blank"">SSD-Response</a>"
191496395,Successful,2020-04-03,57.0,Hastings Borough Council,"Rates - Corporation Depot, Cinque Ports Way",1.0,https://www.hastings.gov.uk/my-council/freedom-of-information/date/?id=FOIR-191496395,Hastings Council,CIN,"<a href=""https://github.com/data-to-insight/ssd-data-model/tree/main/tools-ssd_foi_requests"" target=""_blank"">SSD-Response</a>"
177725073,Information not held,2020-02-25,57.0,Hastings Borough Council,Low level crime - Anti-social Behaviour Crime & Policing Act 2014,1.0,https://www.hastings.gov.uk/my-council/freedom-of-information/date/?id=FOIR-177725073,Hastings Council,CIN,"<a href=""https://github.com/data-to-insight/ssd-data-model/tree/main/tools-ssd_foi_requests"" target=""_blank"">SSD-Response</a>"
162483331,Successful,2019-12-16,57.0,Hastings Borough Council,"Gates/Height Barriers at Cinque Ports Way, Hastings",1.0,https://www.hastings.gov.uk/my-council/freedom-of-information/date/?id=FOIR-162483331,Hastings Council,CIN,"<a href=""https://github.com/data-to-insight/ssd-data-model/tree/main/tools-ssd_foi_requests"" target=""_blank"">SSD-Response</a>"
160760019,Successful,2019-12-05,57.0,Hastings Borough Council,Corporate citizen facing self-service customer portal,1.0,https://www.hastings.gov.uk/my-council/freedom-of-information/date/?id=FOIR-160760019,Hastings Council,CIN,"<a href=""https://github.com/data-to-insight/ssd-data-model/tree/main/tools-ssd_foi_requests"" target=""_blank"">SSD-Response</a>"
156800493,Successful,2019-11-13,57.0,Hastings Borough Council,Cinque Ports Way - Height Barrier,1.0,https://www.hastings.gov.uk/my-council/freedom-of-information/date/?id=FOIR-156800493,Hastings Council,CIN,"<a href=""https://github.com/data-to-insight/ssd-data-model/tree/main/tools-ssd_foi_requests"" target=""_blank"">SSD-Response</a>"
141978283,Information not held,2019-09-06,57.0,Hastings Borough Council,Special Educational Needs and Disability (SEND) tribunal,1.0,https://www.hastings.gov.uk/my-council/freedom-of-information/date/?id=FOIR-141978283,Hastings Council,special educational needs,"<a href=""https://github.com/data-to-insight/ssd-data-model/tree/main/tools-ssd_foi_requests"" target=""_blank"">SSD-Response</a>"
138435718,Information not held,2019-08-20,57.0,Hastings Borough Council,Care leavers/unaccompanied asylum seeking children (uasc),1.0,https://www.hastings.gov.uk/my-council/freedom-of-information/date/?id=FOIR-138435718,Hastings Council,care leavers,"<a href=""https://github.com/data-to-insight/ssd-data-model/tree/main/tools-ssd_foi_requests"" target=""_blank"">SSD-Response</a>"
126737550,Successful,2019-06-25,57.0,Hastings Borough Council,Heras fencing in Ecclesbourne Glen,1.0,https://www.hastings.gov.uk/my-council/freedom-of-information/date/?id=FOIR-126737550,Hastings Council,CIN,"<a href=""https://github.com/data-to-insight/ssd-data-model/tree/main/tools-ssd_foi_requests"" target=""_blank"">SSD-Response</a>"
125992791,Information not held,2019-06-21,57.0,Hastings Borough Council,Adoption policy,1.0,https://www.hastings.gov.uk/my-council/freedom-of-information/date/?id=FOIR-125992791,Hastings Council,adoption,"<a href=""https://github.com/data-to-insight/ssd-data-model/tree/main/tools-ssd_foi_requests"" target=""_blank"">SSD-Response</a>"
126058471,Information not held,2019-06-21,57.0,Hastings Borough Council,Regional adoption agency,1.0,https://www.hastings.gov.uk/my-council/freedom-of-information/date/?id=FOIR-126058471,Hastings Council,adoption,"<a href=""https://github.com/data-to-insight/ssd-data-model/tree/main/tools-ssd_foi_requests"" target=""_blank"">SSD-Response</a>"
125343585,Information not held,2019-06-18,57.0,Hastings Borough Council,Social Workers,1.0,https://www.hastings.gov.uk/my-council/freedom-of-information/date/?id=FOIR-125343585,Hastings Council,social workers,"<a href=""https://github.com/data-to-insight/ssd-data-model/tree/main/tools-ssd_foi_requests"" target=""_blank"">SSD-Response</a>"
121741682,Information not held,2019-05-30,57.0,Hastings Borough Council,social workers health,1.0,https://www.hastings.gov.uk/my-council/freedom-of-information/date/?id=FOIR-121741682,Hastings Council,social workers,"<a href=""https://github.com/data-to-insight/ssd-data-model/tree/main/tools-ssd_foi_requests"" target=""_blank"">SSD-Response</a>"
118603212,Refused,2019-05-13,57.0,Hastings Borough Council,Rocklands fencing and signage as specified by caravan site licence,1.0,https://www.hastings.gov.uk/my-council/freedom-of-information/date/?id=FOIR-118603212,Hastings Council,CIN,"<a href=""https://github.com/data-to-insight/ssd-data-model/tree/main/tools-ssd_foi_requests"" target=""_blank"">SSD-Response</a>"
107974610,Information not held,2019-03-04,57.0,Hastings Borough Council,Adoption,1.0,https://www.hastings.gov.uk/my-council/freedom-of-information/date/?id=FOIR-107974610,Hastings Council,adoption,"<a href=""https://github.com/data-to-insight/ssd-data-model/tree/main/tools-ssd_foi_requests"" target=""_blank"">SSD-Response</a>"
105334609,Information not held,2019-02-11,57.0,Hastings Borough Council,Care Leavers and Council Tax Discretionary Reductions,1.0,https://www.hastings.gov.uk/my-council/freedom-of-information/date/?id=FOIR-105334609,Hastings Council,care leavers,"<a href=""https://github.com/data-to-insight/ssd-data-model/tree/main/tools-ssd_foi_requests"" target=""_blank"">SSD-Response</a>"
99415895,Successful,2018-12-12,57.0,Hastings Borough Council,"Maternity, paternity, adoption and kinship care for all councillors",1.0,https://www.hastings.gov.uk/my-council/freedom-of-information/date/?id=FOI-99415895,Hastings Council,adoption,"<a href=""https://github.com/data-to-insight/ssd-data-model/tree/main/tools-ssd_foi_requests"" target=""_blank"">SSD-Response</a>"
84630229,Successful,2018-11-28,57.0,Hastings Borough Council,Care leavers and homelessness,1.0,https://www.hastings.gov.uk/my-council/freedom-of-information/date/?id=FOI-84630229,Hastings Council,care leavers,"<a href=""https://github.com/data-to-insight/ssd-data-model/tree/main/tools-ssd_foi_requests"" target=""_blank"">SSD-Response</a>"
70689444,Successful,2018-03-19,57.0,Hastings Borough Council,Care Leavers FOI,1.0,https://www.hastings.gov.uk/my-council/freedom-of-information/date/?id=FOI-70689444,Hastings Council,care leavers,"<a href=""https://github.com/data-to-insight/ssd-data-model/tree/main/tools-ssd_foi_requests"" target=""_blank"">SSD-Response</a>"
69890624,Successful,2018-03-09,57.0,Hastings Borough Council,Outsourcing contracts,1.0,https://www.hastings.gov.uk/my-council/freedom-of-information/date/?id=FOI-69890624,Hastings Council,CIN,"<a href=""https://github.com/data-to-insight/ssd-data-model/tree/main/tools-ssd_foi_requests"" target=""_blank"">SSD-Response</a>"
,Successful,2017-09-01,57.0,Hastings Borough Council,Adoption of the IHRA definition,1.0,https://www.hastings.gov.uk/my-council/freedom-of-information/date/?id=FOI221866,Hastings Council,adoption,"<a href=""https://github.com/data-to-insight/ssd-data-model/tree/main/tools-ssd_foi_requests"" target=""_blank"">SSD-Response</a>"
,Successful,2017-04-10,57.0,Hastings Borough Council,Caravan Spacing,1.0,https://www.hastings.gov.uk/my-council/freedom-of-information/date/?id=FOI211675,Hastings Council,CIN,"<a href=""https://github.com/data-to-insight/ssd-data-model/tree/main/tools-ssd_foi_requests"" target=""_blank"">SSD-Response</a>"
,Successful,2017-03-20,57.0,Hastings Borough Council,Employment Referencing Procedures,1.0,https://www.hastings.gov.uk/my-council/freedom-of-information/date/?id=FOI210071,Hastings Council,CIN,"<a href=""https://github.com/data-to-insight/ssd-data-model/tree/main/tools-ssd_foi_requests"" target=""_blank"">SSD-Response</a>"
,Successful,2017-03-16,57.0,Hastings Borough Council,Tracing Agents,1.0,https://www.hastings.gov.uk/my-council/freedom-of-information/date/?id=FOI209606,Hastings Council,CIN,"<a href=""https://github.com/data-to-insight/ssd-data-model/tree/main/tools-ssd_foi_requests"" target=""_blank"">SSD-Response</a>"
1245244,Awaiting classification,2025-03-17,1.0,Hertfordshire County Council,Contract award for the Provision of a Customer Service Centre Service,1.0,https://www.whatdotheyknow.com/request_event/18262604,WhatDoTheyKnow,family support,"<a href=""https://github.com/data-to-insight/ssd-data-model/tree/main/tools-ssd_foi_requests"" target=""_blank"">SSD-Response</a>"
,Awaiting classification,2025-10-21,2.0,Hounslow Borough Council,Team Sizes FOI and SARs (Children's Services),2.0,https://www.whatdotheyknow.com/request_event/19189073,WhatDoTheyKnow,childrens social care,"<a href=""https://github.com/data-to-insight/ssd-data-model/tree/main/tools-ssd_foi_requests"" target=""_blank"">SSD-Response</a>"
,Successful,2025-01-31,2.0,Hounslow Borough Council,Care leavers,2.0,https://www.whatdotheyknow.com/request_event/18047952,WhatDoTheyKnow,care leavers,"<a href=""https://github.com/data-to-insight/ssd-data-model/tree/main/tools-ssd_foi_requests"" target=""_blank"">SSD-Response</a>"
,Successful,2016-12-08,2.0,Kent County Council,Care Charging,2.0,https://www.whatdotheyknow.com/request_event/2023139,WhatDoTheyKnow,special educational needs,"<a href=""https://github.com/data-to-insight/ssd-data-model/tree/main/tools-ssd_foi_requests"" target=""_blank"">SSD-Response</a>"
,Successful,2015-04-15,2.0,Kent County Council,Requests for personal data from the Police,1.0,https://www.whatdotheyknow.com/request_event/1361631,WhatDoTheyKnow,adoption,"<a href=""https://github.com/data-to-insight/ssd-data-model/tree/main/tools-ssd_foi_requests"" target=""_blank"">SSD-Response</a>"
,Partially successful,2023-12-07,1.0,Lambeth Borough Council,Staff Training and Policy Documents,1.0,https://www.whatdotheyknow.com/request_event/16457818,WhatDoTheyKnow,childrens social care,"<a href=""https://github.com/data-to-insight/ssd-data-model/tree/main/tools-ssd_foi_requests"" target=""_blank"">SSD-Response</a>"
,Successful,2025-06-11,1.0,Lancashire County Council,Previous Tender for Documents for Carers Assessment and Support Service,1.0,https://www.whatdotheyknow.com/request_event/18639295,WhatDoTheyKnow,foster carer,"<a href=""https://github.com/data-to-insight/ssd-data-model/tree/main/tools-ssd_foi_requests"" target=""_blank"">SSD-Response</a>"
,Partially successful,2025-03-13,1.0,Leeds City Council,Severely learning disabled adults: recording of gender and/or sex,2.0,https://www.whatdotheyknow.com/request_event/18249292,WhatDoTheyKnow,childrens social care,"<a href=""https://github.com/data-to-insight/ssd-data-model/tree/main/tools-ssd_foi_requests"" target=""_blank"">SSD-Response</a>"
,Successful,2023-10-18,1.0,Leicestershire County Council,Correspondence between your Director of Children’s Services and DfE,1.0,https://www.whatdotheyknow.com/request_event/16307657,WhatDoTheyKnow,children in need,"<a href=""https://github.com/data-to-insight/ssd-data-model/tree/main/tools-ssd_foi_requests"" target=""_blank"">SSD-Response</a>"
,Awaiting classification,2025-05-13,3.0,Lincolnshire County Council,Contract extension decision/ when a tender is expected to be published,1.0,https://www.whatdotheyknow.com/request_event/18514253,WhatDoTheyKnow,childrens services,"<a href=""https://github.com/data-to-insight/ssd-data-model/tree/main/tools-ssd_foi_requests"" target=""_blank"">SSD-Response</a>"
,Awaiting classification,2024-06-06,3.0,Lincolnshire County Council,Safeguarding Statistics for Five Year Period From 25 April 2024 or Nearest 5 Year Period,1.0,https://www.whatdotheyknow.com/request_event/17156128,WhatDoTheyKnow,childrens social care,"<a href=""https://github.com/data-to-insight/ssd-data-model/tree/main/tools-ssd_foi_requests"" target=""_blank"">SSD-Response</a>"
,Partially successful,2020-08-14,3.0,Lincolnshire County Council,Care homes and the coronavirus,1.0,https://www.whatdotheyknow.com/request_event/7465313,WhatDoTheyKnow,care order,"<a href=""https://github.com/data-to-insight/ssd-data-model/tree/main/tools-ssd_foi_requests"" target=""_blank"">SSD-Response</a>"
,Successful,2025-03-12,4.0,Ministry of Justice,Perormance of the FMS supplier in respect of section 2.3.2.42 of its contract with MoJ,1.0,https://www.whatdotheyknow.com/request_event/18241630,WhatDoTheyKnow,care order,"<a href=""https://github.com/data-to-insight/ssd-data-model/tree/main/tools-ssd_foi_requests"" target=""_blank"">SSD-Response</a>"
,Successful,2025-02-24,4.0,Ministry of Justice,DHL Supply Chain Contract,1.0,https://www.whatdotheyknow.com/request_event/18168160,WhatDoTheyKnow,care order,"<a href=""https://github.com/data-to-insight/ssd-data-model/tree/main/tools-ssd_foi_requests"" target=""_blank"">SSD-Response</a>"
,Successful,2022-02-10,4.0,Ministry of Justice,Prisons: Local Facility Lists since 1st January 2021,1.0,https://www.whatdotheyknow.com/request_event/11085370,WhatDoTheyKnow,care order,"<a href=""https://github.com/data-to-insight/ssd-data-model/tree/main/tools-ssd_foi_requests"" target=""_blank"">SSD-Response</a>"
,Long overdue,2014-02-23,4.0,Ministry of Justice,social services and family courts. Justice or Injustice,1.0,https://www.whatdotheyknow.com/request_event/971557,WhatDoTheyKnow,social workers,"<a href=""https://github.com/data-to-insight/ssd-data-model/tree/main/tools-ssd_foi_requests"" target=""_blank"">SSD-Response</a>"
,Successful,2020-08-14,1.0,Network Rail Limited,Criteria to place a Whistle Board,1.0,https://www.whatdotheyknow.com/request_event/7465516,WhatDoTheyKnow,care order,"<a href=""https://github.com/data-to-insight/ssd-data-model/tree/main/tools-ssd_foi_requests"" target=""_blank"">SSD-Response</a>"
,Successful,2011-07-25,1.0,Norfolk County Council,Payments to Adoptive Parents,1.0,https://www.whatdotheyknow.com/request_event/386273,WhatDoTheyKnow,adoption,"<a href=""https://github.com/data-to-insight/ssd-data-model/tree/main/tools-ssd_foi_requests"" target=""_blank"">SSD-Response</a>"
,Successful,2024-02-28,1.0,North Lincolnshire Council,Contracts Update,1.0,https://www.whatdotheyknow.com/request_event/16773427,WhatDoTheyKnow,childrens social care,"<a href=""https://github.com/data-to-insight/ssd-data-model/tree/main/tools-ssd_foi_requests"" target=""_blank"">SSD-Response</a>"
,Successful,2025-10-09,17.0,North Yorkshire Council,School safeguarding referrals,1.0,https://www.whatdotheyknow.com/request_event/19132868,WhatDoTheyKnow,child protection,"<a href=""https://github.com/data-to-insight/ssd-data-model/tree/main/tools-ssd_foi_requests"" target=""_blank"">SSD-Response</a>"
,Successful,2025-08-28,17.0,North Yorkshire Council,Booking System for Respite Care/Short Breaks,1.0,https://www.whatdotheyknow.com/request_event/18967026,WhatDoTheyKnow,child protection,"<a href=""https://github.com/data-to-insight/ssd-data-model/tree/main/tools-ssd_foi_requests"" target=""_blank"">SSD-Response</a>"
,Successful,2025-06-02,17.0,North Yorkshire Council,Previous Tender documents for the Provision of a Carers Support Service,1.0,https://www.whatdotheyknow.com/request_event/18597546,WhatDoTheyKnow,child protection,"<a href=""https://github.com/data-to-insight/ssd-data-model/tree/main/tools-ssd_foi_requests"" target=""_blank"">SSD-Response</a>"
,Awaiting classification,2025-05-09,17.0,North Yorkshire Council,Specialist school placements requested and agreed to in 2022-2024 by child's ethnicity,1.0,https://www.whatdotheyknow.com/request_event/18501727,WhatDoTheyKnow,child protection,"<a href=""https://github.com/data-to-insight/ssd-data-model/tree/main/tools-ssd_foi_requests"" target=""_blank"">SSD-Response</a>"
,Successful,2025-05-01,17.0,North Yorkshire Council,Council tax,1.0,https://www.whatdotheyknow.com/request_event/18472176,WhatDoTheyKnow,child protection,"<a href=""https://github.com/data-to-insight/ssd-data-model/tree/main/tools-ssd_foi_requests"" target=""_blank"">SSD-Response</a>"
,Refused,2025-04-28,17.0,North Yorkshire Council,"Staff not acting in children's best interests - advocates, scrutiny and withdrawal of unacceptable reports",1.0,https://www.whatdotheyknow.com/request_event/18455931,WhatDoTheyKnow,child protection,"<a href=""https://github.com/data-to-insight/ssd-data-model/tree/main/tools-ssd_foi_requests"" target=""_blank"">SSD-Response</a>"
,Successful,2025-03-28,17.0,North Yorkshire Council,Muslim and Pakistani children receiving social care support,1.0,https://www.whatdotheyknow.com/request_event/18314173,WhatDoTheyKnow,child protection,"<a href=""https://github.com/data-to-insight/ssd-data-model/tree/main/tools-ssd_foi_requests"" target=""_blank"">SSD-Response</a>"
,Successful,2025-03-13,17.0,North Yorkshire Council,Market Information on 16/17 year old Children Looked After Accommodation,1.0,https://www.whatdotheyknow.com/request_event/18247980,WhatDoTheyKnow,child protection,"<a href=""https://github.com/data-to-insight/ssd-data-model/tree/main/tools-ssd_foi_requests"" target=""_blank"">SSD-Response</a>"
,Successful,2025-01-14,17.0,North Yorkshire Council,Special school deregistration,1.0,https://www.whatdotheyknow.com/request_event/17976768,WhatDoTheyKnow,child protection,"<a href=""https://github.com/data-to-insight/ssd-data-model/tree/main/tools-ssd_foi_requests"" target=""_blank"">SSD-Response</a>"
,Awaiting classification,2025-01-09,17.0,North Yorkshire Council,FOI request: Modern slavery training at the council,2.0,https://www.whatdotheyknow.com/request_event/17955719,WhatDoTheyKnow,child protection,"<a href=""https://github.com/data-to-insight/ssd-data-model/tree/main/tools-ssd_foi_requests"" target=""_blank"">SSD-Response</a>"
,Awaiting classification,2025-01-07,17.0,North Yorkshire Council,S437(1) notices,1.0,https://www.whatdotheyknow.com/request_event/17944646,WhatDoTheyKnow,child protection,"<a href=""https://github.com/data-to-insight/ssd-data-model/tree/main/tools-ssd_foi_requests"" target=""_blank"">SSD-Response</a>"
,Partially successful,2025-01-02,17.0,North Yorkshire Council,Regarding Social Work positions within Children’s and Adult's Services and Educational Psychology Positions in the Authority,1.0,https://www.whatdotheyknow.com/request_event/17926203,WhatDoTheyKnow,child protection,"<a href=""https://github.com/data-to-insight/ssd-data-model/tree/main/tools-ssd_foi_requests"" target=""_blank"">SSD-Response</a>"
,Successful,2024-11-28,17.0,North Yorkshire Council,Freedom of Information Request - Christmas temporary accommodation data request,1.0,https://www.whatdotheyknow.com/request_event/17808022,WhatDoTheyKnow,child protection,"<a href=""https://github.com/data-to-insight/ssd-data-model/tree/main/tools-ssd_foi_requests"" target=""_blank"">SSD-Response</a>"
,Successful,2024-11-26,17.0,North Yorkshire Council,Looked After Children under the age of 16 Living in Unregulated accommodation,1.0,https://www.whatdotheyknow.com/request_event/17801472,WhatDoTheyKnow,child protection,"<a href=""https://github.com/data-to-insight/ssd-data-model/tree/main/tools-ssd_foi_requests"" target=""_blank"">SSD-Response</a>"
,Awaiting classification,2024-11-21,17.0,North Yorkshire Council,Freedom of Information Request – Job Descriptions and Person Specifications,1.0,https://www.whatdotheyknow.com/request_event/17788027,WhatDoTheyKnow,child protection,"<a href=""https://github.com/data-to-insight/ssd-data-model/tree/main/tools-ssd_foi_requests"" target=""_blank"">SSD-Response</a>"
,Successful,2024-02-08,17.0,North Yorkshire Council,Request for Minimum Income Guarantee information,1.0,https://www.whatdotheyknow.com/request_event/16683597,WhatDoTheyKnow,child protection,"<a href=""https://github.com/data-to-insight/ssd-data-model/tree/main/tools-ssd_foi_requests"" target=""_blank"">SSD-Response</a>"
,Successful,2022-10-04,17.0,North Yorkshire Council,Special Guardianship &amp; Kinship Care statistics and information,1.0,https://www.whatdotheyknow.com/request_event/13074213,WhatDoTheyKnow,family support,"<a href=""https://github.com/data-to-insight/ssd-data-model/tree/main/tools-ssd_foi_requests"" target=""_blank"">SSD-Response</a>"
,Awaiting classification,2024-11-15,1.0,Northumberland County Council,Homeless Applications &amp; Interim Accommodation,2.0,https://www.whatdotheyknow.com/request_event/17766448,WhatDoTheyKnow,child protection,"<a href=""https://github.com/data-to-insight/ssd-data-model/tree/main/tools-ssd_foi_requests"" target=""_blank"">SSD-Response</a>"
,Awaiting classification,2024-11-22,1.0,Oxford City Council,£500K Staffing Costs in Support of Asylum Seekers,1.0,https://www.whatdotheyknow.com/request_event/17790164,WhatDoTheyKnow,child protection,"<a href=""https://github.com/data-to-insight/ssd-data-model/tree/main/tools-ssd_foi_requests"" target=""_blank"">SSD-Response</a>"
,Successful,2024-07-30,1.0,Powys County Council,Mental health and wellbeing contracts,1.0,https://www.whatdotheyknow.com/request_event/17335851,WhatDoTheyKnow,family support,"<a href=""https://github.com/data-to-insight/ssd-data-model/tree/main/tools-ssd_foi_requests"" target=""_blank"">SSD-Response</a>"
,Partially successful,2021-03-25,1.0,Reading Borough Council,Social Care FOI,1.0,https://www.whatdotheyknow.com/request_event/8951198,WhatDoTheyKnow,foster carer,"<a href=""https://github.com/data-to-insight/ssd-data-model/tree/main/tools-ssd_foi_requests"" target=""_blank"">SSD-Response</a>"
,Successful,2025-09-22,1.0,Redcar and Cleveland Borough Council,CYP Advocacy,1.0,https://www.whatdotheyknow.com/request_event/19058093,WhatDoTheyKnow,special educational needs,"<a href=""https://github.com/data-to-insight/ssd-data-model/tree/main/tools-ssd_foi_requests"" target=""_blank"">SSD-Response</a>"
,Successful,2023-12-20,1.0,Richmond upon Thames Borough Council,FOI request: Modern slavery training provision,2.0,https://www.whatdotheyknow.com/request_event/16513701,WhatDoTheyKnow,looked after children,"<a href=""https://github.com/data-to-insight/ssd-data-model/tree/main/tools-ssd_foi_requests"" target=""_blank"">SSD-Response</a>"
,Partially successful,2012-05-31,1.0,Rutland County Council,Social Work Expenses,1.0,https://www.whatdotheyknow.com/request_event/555685,WhatDoTheyKnow,social workers,"<a href=""https://github.com/data-to-insight/ssd-data-model/tree/main/tools-ssd_foi_requests"" target=""_blank"">SSD-Response</a>"
,Partially successful,2024-03-20,2.0,Salford City Council,Special education needs panel meetings specifically relating to EHC needs assessment,1.0,https://www.whatdotheyknow.com/request_event/16865543,WhatDoTheyKnow,special educational needs,"<a href=""https://github.com/data-to-insight/ssd-data-model/tree/main/tools-ssd_foi_requests"" target=""_blank"">SSD-Response</a>"
,Successful,2009-07-09,2.0,Salford City Council,Unaccompanied Asylum Seeking Children (UASC) Reform Programme 02 06 09,1.0,https://www.whatdotheyknow.com/request_event/66847,WhatDoTheyKnow,looked after children,"<a href=""https://github.com/data-to-insight/ssd-data-model/tree/main/tools-ssd_foi_requests"" target=""_blank"">SSD-Response</a>"
,Partially successful,2021-04-16,1.0,Scottish Borders Council,Recorded MARAC Data Controllers,1.0,https://www.whatdotheyknow.com/request_event/9072927,WhatDoTheyKnow,care order,"<a href=""https://github.com/data-to-insight/ssd-data-model/tree/main/tools-ssd_foi_requests"" target=""_blank"">SSD-Response</a>"
,Awaiting classification,2024-03-11,1.0,Scottish Parliament,Stonewall,1.0,https://www.whatdotheyknow.com/request_event/16830093,WhatDoTheyKnow,family support,"<a href=""https://github.com/data-to-insight/ssd-data-model/tree/main/tools-ssd_foi_requests"" target=""_blank"">SSD-Response</a>"
,Awaiting classification,2024-02-09,1.0,Sheffield City Council,Guidance to New Councillors,3.0,https://www.whatdotheyknow.com/request_event/16690592,WhatDoTheyKnow,children in need,"<a href=""https://github.com/data-to-insight/ssd-data-model/tree/main/tools-ssd_foi_requests"" target=""_blank"">SSD-Response</a>"
,Awaiting classification,2025-04-28,1.0,Somerset Council,Severely learning disabled adults: recording of gender and/or sex,2.0,https://www.whatdotheyknow.com/request_event/18456774,WhatDoTheyKnow,family support,"<a href=""https://github.com/data-to-insight/ssd-data-model/tree/main/tools-ssd_foi_requests"" target=""_blank"">SSD-Response</a>"
,Awaiting classification,2024-09-30,1.0,South Kesteven District Council,Homeless Applications &amp; Interim Accommodation,2.0,https://www.whatdotheyknow.com/request_event/17563547,WhatDoTheyKnow,children in need,"<a href=""https://github.com/data-to-insight/ssd-data-model/tree/main/tools-ssd_foi_requests"" target=""_blank"">SSD-Response</a>"
,Successful,2012-09-25,1.0,Southend-on-Sea City Council,Children’s social care eligibility criteria,1.0,https://www.whatdotheyknow.com/request_event/612818,WhatDoTheyKnow,special educational needs,"<a href=""https://github.com/data-to-insight/ssd-data-model/tree/main/tools-ssd_foi_requests"" target=""_blank"">SSD-Response</a>"
,Successful,2021-07-15,1.0,Southwark Borough Council,Foster Care Allowances,1.0,https://www.whatdotheyknow.com/request_event/9641296,WhatDoTheyKnow,foster carer,"<a href=""https://github.com/data-to-insight/ssd-data-model/tree/main/tools-ssd_foi_requests"" target=""_blank"">SSD-Response</a>"
,Successful,2025-08-04,1.0,Stevenage Borough Council,Domestic and Communal Heating and Water Hygiene Contracts - Lot 1,1.0,https://www.whatdotheyknow.com/request_event/18855786,WhatDoTheyKnow,care order,"<a href=""https://github.com/data-to-insight/ssd-data-model/tree/main/tools-ssd_foi_requests"" target=""_blank"">SSD-Response</a>"
,Successful,2015-05-20,1.0,Sunderland City Council,Job Profiles,1.0,https://www.whatdotheyknow.com/request_event/1393706,WhatDoTheyKnow,special educational needs,"<a href=""https://github.com/data-to-insight/ssd-data-model/tree/main/tools-ssd_foi_requests"" target=""_blank"">SSD-Response</a>"
1345589,Successful,2025-10-24,2.0,Surrey County Council,Freedom of Information Request - Alternative Provision Framework,1.0,https://www.whatdotheyknow.com/request_event/19209880,WhatDoTheyKnow,family support,"<a href=""https://github.com/data-to-insight/ssd-data-model/tree/main/tools-ssd_foi_requests"" target=""_blank"">SSD-Response</a>"
1288343,Partially successful,2025-06-16,2.0,Surrey County Council,Request for Information – London Cycle Hire Scheme Tender,1.0,https://www.whatdotheyknow.com/request_event/18656705,WhatDoTheyKnow,family support,"<a href=""https://github.com/data-to-insight/ssd-data-model/tree/main/tools-ssd_foi_requests"" target=""_blank"">SSD-Response</a>"
,Successful,2012-10-02,1.0,Sutton Borough Council,Policies and Procedures / Social Services - Child Adoption,1.0,https://www.whatdotheyknow.com/request_event/615872,WhatDoTheyKnow,foster carer,"<a href=""https://github.com/data-to-insight/ssd-data-model/tree/main/tools-ssd_foi_requests"" target=""_blank"">SSD-Response</a>"
,Unknown,,14.0,Unknown,Care Charging,2.0,https://www.whatdotheyknow.com/request_event/2290486,WhatDoTheyKnow,foster carer,"<a href=""https://github.com/data-to-insight/ssd-data-model/tree/main/tools-ssd_foi_requests"" target=""_blank"">SSD-Response</a>"
,Unknown,,14.0,Unknown,School visits to religious institutions,1.0,https://www.whatdotheyknow.com/request_event/1619540,WhatDoTheyKnow,foster carer,"<a href=""https://github.com/data-to-insight/ssd-data-model/tree/main/tools-ssd_foi_requests"" target=""_blank"">SSD-Response</a>"
,Unknown,,14.0,Unknown,Adult Social Services policies and procedures,1.0,https://www.whatdotheyknow.com/request_event/1668909,WhatDoTheyKnow,foster carer,"<a href=""https://github.com/data-to-insight/ssd-data-model/tree/main/tools-ssd_foi_requests"" target=""_blank"">SSD-Response</a>"
,Unknown,,14.0,Unknown,Safeguarding Vulnerable People in the Reformed NHS - Clinical Commissioning Groups amp; CSCSU,1.0,https://www.whatdotheyknow.com/request_event/1649120,WhatDoTheyKnow,foster carer,"<a href=""https://github.com/data-to-insight/ssd-data-model/tree/main/tools-ssd_foi_requests"" target=""_blank"">SSD-Response</a>"
,Unknown,,14.0,Unknown,Definition of Emotional Harm Opinion or Fact ?,1.0,https://www.whatdotheyknow.com/request_event/1529939,WhatDoTheyKnow,foster carer,"<a href=""https://github.com/data-to-insight/ssd-data-model/tree/main/tools-ssd_foi_requests"" target=""_blank"">SSD-Response</a>"
,Unknown,,14.0,Unknown,Gender reassignment - administration processes and procedures,1.0,https://www.whatdotheyknow.com/request_event/6405926,WhatDoTheyKnow,foster carer,"<a href=""https://github.com/data-to-insight/ssd-data-model/tree/main/tools-ssd_foi_requests"" target=""_blank"">SSD-Response</a>"
,Unknown,,14.0,Unknown,Adult Social Care policies and standard operating procedures (changes since Jan 2016),1.0,https://www.whatdotheyknow.com/request_event/1752627,WhatDoTheyKnow,foster carer,"<a href=""https://github.com/data-to-insight/ssd-data-model/tree/main/tools-ssd_foi_requests"" target=""_blank"">SSD-Response</a>"
,Unknown,,14.0,Unknown,Adult social care,1.0,https://www.whatdotheyknow.com/request_event/6260924,WhatDoTheyKnow,foster carer,"<a href=""https://github.com/data-to-insight/ssd-data-model/tree/main/tools-ssd_foi_requests"" target=""_blank"">SSD-Response</a>"
,Unknown,,14.0,Unknown,"Junction of A6 Bolton Road and B5252 Myles Standish Way, Chorley - Highway Maintenance",1.0,https://www.whatdotheyknow.com/request_event/2819093,WhatDoTheyKnow,foster carer,"<a href=""https://github.com/data-to-insight/ssd-data-model/tree/main/tools-ssd_foi_requests"" target=""_blank"">SSD-Response</a>"
,Unknown,,14.0,Unknown,CAMHS Hertfordshire,1.0,https://www.whatdotheyknow.com/request_event/2368037,WhatDoTheyKnow,foster carer,"<a href=""https://github.com/data-to-insight/ssd-data-model/tree/main/tools-ssd_foi_requests"" target=""_blank"">SSD-Response</a>"
,Unknown,,14.0,Unknown,Special guardianship financial support and assessment.,1.0,https://www.whatdotheyknow.com/request_event/4611341,WhatDoTheyKnow,foster carer,"<a href=""https://github.com/data-to-insight/ssd-data-model/tree/main/tools-ssd_foi_requests"" target=""_blank"">SSD-Response</a>"
,Unknown,,14.0,Unknown,When a vulnerable 7 year old a child finds their mother dead .....,1.0,https://www.whatdotheyknow.com/request_event/2365252,WhatDoTheyKnow,foster carer,"<a href=""https://github.com/data-to-insight/ssd-data-model/tree/main/tools-ssd_foi_requests"" target=""_blank"">SSD-Response</a>"
,Unknown,,14.0,Unknown,School Transport Policy,1.0,https://www.whatdotheyknow.com/request_event/814630,WhatDoTheyKnow,foster carer,"<a href=""https://github.com/data-to-insight/ssd-data-model/tree/main/tools-ssd_foi_requests"" target=""_blank"">SSD-Response</a>"
,Unknown,,14.0,Unknown,Grants to Foster and Adoptive Parents,1.0,https://www.whatdotheyknow.com/request_event/1139882,WhatDoTheyKnow,foster carer,"<a href=""https://github.com/data-to-insight/ssd-data-model/tree/main/tools-ssd_foi_requests"" target=""_blank"">SSD-Response</a>"
,Successful,2025-08-14,1.0,Vale of Glamorgan Council,Addysg Gymraeg ym Mro Morgannwg.,1.0,https://www.whatdotheyknow.com/request_event/18907579,WhatDoTheyKnow,family support,"<a href=""https://github.com/data-to-insight/ssd-data-model/tree/main/tools-ssd_foi_requests"" target=""_blank"">SSD-Response</a>"
,Successful,2022-08-05,1.0,Wakefield City Council,Contract Information - Provision of Carers Support,1.0,https://www.whatdotheyknow.com/request_event/12591081,WhatDoTheyKnow,special educational needs,"<a href=""https://github.com/data-to-insight/ssd-data-model/tree/main/tools-ssd_foi_requests"" target=""_blank"">SSD-Response</a>"
,Successful,2019-11-13,1.0,Waltham Forest Borough Council,Social Media Monitoring,1.0,https://www.whatdotheyknow.com/request_event/5691772,WhatDoTheyKnow,care order,"<a href=""https://github.com/data-to-insight/ssd-data-model/tree/main/tools-ssd_foi_requests"" target=""_blank"">SSD-Response</a>"
,Partially successful,2025-08-08,2.0,Wandsworth Borough Council,Freedom of Information Request: Respite Care Criteria and Related Information,1.0,https://www.whatdotheyknow.com/request_event/18876420,WhatDoTheyKnow,childrens social care,"<a href=""https://github.com/data-to-insight/ssd-data-model/tree/main/tools-ssd_foi_requests"" target=""_blank"">SSD-Response</a>"
,Successful,2023-12-21,2.0,Wandsworth Borough Council,FOI request: Modern slavery training provision,2.0,https://www.whatdotheyknow.com/request_event/16519900,WhatDoTheyKnow,looked after children,"<a href=""https://github.com/data-to-insight/ssd-data-model/tree/main/tools-ssd_foi_requests"" target=""_blank"">SSD-Response</a>"
,Awaiting classification,2024-10-16,1.0,West Northamptonshire Council,"EOTIS, EHE and s19",1.0,https://www.whatdotheyknow.com/request_event/17627068,WhatDoTheyKnow,family support,"<a href=""https://github.com/data-to-insight/ssd-data-model/tree/main/tools-ssd_foi_requests"" target=""_blank"">SSD-Response</a>"
,Successful,2025-10-24,17.0,West Suffolk Council,FOI Request: Public Clocks on Council-Owned Buildings,1.0,https://www.whatdotheyknow.com/request_event/19209336,WhatDoTheyKnow,childrens services,"<a href=""https://github.com/data-to-insight/ssd-data-model/tree/main/tools-ssd_foi_requests"" target=""_blank"">SSD-Response</a>"
,Successful,2025-09-17,17.0,West Suffolk Council,Cost of sponsorship for the Bury Free Press West Suffolk Business Awards 2025,1.0,https://www.whatdotheyknow.com/request_event/19043376,WhatDoTheyKnow,childrens services,"<a href=""https://github.com/data-to-insight/ssd-data-model/tree/main/tools-ssd_foi_requests"" target=""_blank"">SSD-Response</a>"
,Successful,2025-09-15,17.0,West Suffolk Council,Environmental Information Regulations Request - Public Litter Bins,1.0,https://www.whatdotheyknow.com/request_event/19032370,WhatDoTheyKnow,childrens services,"<a href=""https://github.com/data-to-insight/ssd-data-model/tree/main/tools-ssd_foi_requests"" target=""_blank"">SSD-Response</a>"
,Awaiting classification,2025-09-05,17.0,West Suffolk Council,"Number of HMO licences, applications, and permitted occupants",1.0,https://www.whatdotheyknow.com/request_event/19000054,WhatDoTheyKnow,childrens services,"<a href=""https://github.com/data-to-insight/ssd-data-model/tree/main/tools-ssd_foi_requests"" target=""_blank"">SSD-Response</a>"
,Awaiting classification,2025-09-01,17.0,West Suffolk Council,Monthly FPN hand-outs by council 2022-current and enforcement officer usage,1.0,https://www.whatdotheyknow.com/request_event/18980581,WhatDoTheyKnow,childrens services,"<a href=""https://github.com/data-to-insight/ssd-data-model/tree/main/tools-ssd_foi_requests"" target=""_blank"">SSD-Response</a>"
,Successful,2025-08-21,17.0,West Suffolk Council,Taxi Licensing Prosecutions,1.0,https://www.whatdotheyknow.com/request_event/18940844,WhatDoTheyKnow,childrens services,"<a href=""https://github.com/data-to-insight/ssd-data-model/tree/main/tools-ssd_foi_requests"" target=""_blank"">SSD-Response</a>"
,Successful,2025-08-21,17.0,West Suffolk Council,Car Ownership and Fuel type,1.0,https://www.whatdotheyknow.com/request_event/18940866,WhatDoTheyKnow,childrens services,"<a href=""https://github.com/data-to-insight/ssd-data-model/tree/main/tools-ssd_foi_requests"" target=""_blank"">SSD-Response</a>"
,Awaiting classification,2025-08-18,17.0,West Suffolk Council,Local authority complaints,1.0,https://www.whatdotheyknow.com/request_event/18916950,WhatDoTheyKnow,childrens services,"<a href=""https://github.com/data-to-insight/ssd-data-model/tree/main/tools-ssd_foi_requests"" target=""_blank"">SSD-Response</a>"
,Awaiting classification,2025-08-13,17.0,West Suffolk Council,Freedom of Information Request – Use of PSPOs and CPNs,1.0,https://www.whatdotheyknow.com/request_event/18898854,WhatDoTheyKnow,childrens services,"<a href=""https://github.com/data-to-insight/ssd-data-model/tree/main/tools-ssd_foi_requests"" target=""_blank"">SSD-Response</a>"
,Successful,2025-07-28,17.0,West Suffolk Council,Dogs Barking,1.0,https://www.whatdotheyknow.com/request_event/18828316,WhatDoTheyKnow,childrens services,"<a href=""https://github.com/data-to-insight/ssd-data-model/tree/main/tools-ssd_foi_requests"" target=""_blank"">SSD-Response</a>"
,Awaiting classification,2025-07-23,17.0,West Suffolk Council,Public toilet provision in England,1.0,https://www.whatdotheyknow.com/request_event/18810119,WhatDoTheyKnow,childrens services,"<a href=""https://github.com/data-to-insight/ssd-data-model/tree/main/tools-ssd_foi_requests"" target=""_blank"">SSD-Response</a>"
,Successful,2025-06-19,17.0,West Suffolk Council,Polygamous Working,1.0,https://www.whatdotheyknow.com/request_event/18676187,WhatDoTheyKnow,childrens services,"<a href=""https://github.com/data-to-insight/ssd-data-model/tree/main/tools-ssd_foi_requests"" target=""_blank"">SSD-Response</a>"
,Successful,2025-06-10,17.0,West Suffolk Council,"Planning, Heritage and Conservation Resourcing",1.0,https://www.whatdotheyknow.com/request_event/18631740,WhatDoTheyKnow,childrens services,"<a href=""https://github.com/data-to-insight/ssd-data-model/tree/main/tools-ssd_foi_requests"" target=""_blank"">SSD-Response</a>"
,Awaiting classification,2025-06-09,17.0,West Suffolk Council,FOI request - Council Tax Liability Order Application Process and Use of Court Naming,1.0,https://www.whatdotheyknow.com/request_event/18624244,WhatDoTheyKnow,childrens services,"<a href=""https://github.com/data-to-insight/ssd-data-model/tree/main/tools-ssd_foi_requests"" target=""_blank"">SSD-Response</a>"
,Information not held,2025-06-05,17.0,West Suffolk Council,Fixed Penalty Notices issued to drivers smoking in licensed vehicles,1.0,https://www.whatdotheyknow.com/request_event/18614334,WhatDoTheyKnow,childrens services,"<a href=""https://github.com/data-to-insight/ssd-data-model/tree/main/tools-ssd_foi_requests"" target=""_blank"">SSD-Response</a>"
,Successful,2025-05-20,17.0,West Suffolk Council,Dog Fouling,1.0,https://www.whatdotheyknow.com/request_event/18542843,WhatDoTheyKnow,childrens services,"<a href=""https://github.com/data-to-insight/ssd-data-model/tree/main/tools-ssd_foi_requests"" target=""_blank"">SSD-Response</a>"
,Refused,2024-01-18,17.0,West Suffolk Council,Guidance to New Councillors,3.0,https://www.whatdotheyknow.com/request_event/16600514,WhatDoTheyKnow,childrens services,"<a href=""https://github.com/data-to-insight/ssd-data-model/tree/main/tools-ssd_foi_requests"" target=""_blank"">SSD-Response</a>"
,Partially successful,2023-05-11,1.0,Wokingham Borough Council,Foster care allowances 2023/24,1.0,https://www.whatdotheyknow.com/request_event/14958567,WhatDoTheyKnow,foster carer,"<a href=""https://github.com/data-to-insight/ssd-data-model/tree/main/tools-ssd_foi_requests"" target=""_blank"">SSD-Response</a>"
,Successful,2011-03-24,1.0,Worcestershire County Council,Primary School Sex and Relationships Education Pack Information,1.0,https://www.whatdotheyknow.com/request_event/320281,WhatDoTheyKnow,social workers,"<a href=""https://github.com/data-to-insight/ssd-data-model/tree/main/tools-ssd_foi_requests"" target=""_blank"">SSD-Response</a>"
,Awaiting classification,2025-01-13,1.0,York and North Yorkshire Combined Authority,FOI request: Modern slavery training at the council,2.0,https://www.whatdotheyknow.com/request_event/17973095,WhatDoTheyKnow,child protection,"<a href=""https://github.com/data-to-insight/ssd-data-model/tree/main/tools-ssd_foi_requests"" target=""_blank"">SSD-Response</a>"
